id,image_path,prompt,analysis_result,analysis_date
1,C:/Users/Dell/Pictures/Screenshots/bugatti-w16-mistral-3840x2160-20041.jpg,"What is in this image? Please provide a detailed description.","Here's a detailed description of the image:

**Overall Impression:**

The image showcases a sleek, dark gray Bugatti hypercar speeding along a racetrack. The car is a striking mix of elegance and aggression, emphasized by bright orange accents. The scene conveys speed and luxury.

**Vehicle Details:**

*   **Make and Model:** The car is a Bugatti, easily identifiable by its iconic horseshoe grille and overall design. Based on its features, it looks like a Bugatti Divo.
*   **Color Scheme:** The car features a predominantly dark gray (possibly matte) finish. Bright orange accents highlight the lower body, the front splitter, the wheel rims, and other details.
*   **Body Style:** It appears to be a roadster, with an open top and a low, aerodynamic profile.
*   **Design Elements:** The car has a pronounced rear wing, distinctive headlights, and intricate air intakes and outlets. The side of the car has the word "SINGH" in orange lettering.

**Background and Setting:**

*   **Location:** The car is on a racetrack, evident from the smooth asphalt surface and the safety barriers on the side.
*   **Weather:** The sky is overcast and appears to be a cloudy day.
*   **Motion:** The image is taken with a motion blur effect, emphasizing the car's speed. The background elements are blurred, while the car itself is relatively sharp, creating a sense of dynamic movement.

**Composition:**

*   The car is positioned in the center of the frame, moving from left to right.
*   The angle is slightly from the front and to the side, providing a good view of the car's design.

**Overall Tone:**

The image has a high-end, luxurious, and dynamic feel. It captures the essence of high-performance driving and the exclusivity associated with the Bugatti brand.","2025-03-29 16:03:05"
2,"C:/Users/Dell/Pictures/Screenshots/Screenshot 2025-03-14 125728.png","What is in this image? Provide a detailed description.","The image contains the word "AURA" in a stylized font on a dark blue background. The "A" has a bar above it, and the letters are in a thin, light gray or white color.","2025-03-29 16:10:39"
3,"C:/Users/Dell/Pictures/Screenshots/Screenshot 2025-03-22 202340.png","What is in this image? Provide a detailed description.","Error: name 'genai' is not defined","2025-03-29 16:14:33"
4,"C:/Users/Dell/Pictures/Screenshots/Screenshot 2025-03-25 105829.png","What is in this image? Provide a detailed description.","Here is a detailed description of the image:

The image shows a screenshot of a media player (likely Windows Media Player) playing a video. The video's title appears to be "youtubevideodownloader." The video appears to be paused around the 29-second mark, with the total duration displayed as 3 minutes and 2 seconds.

The video itself displays a close-up, somewhat blurry image of a human face, possibly made up or created using special effects. The lighting is dark and the color palette leans towards warm tones of browns and reds. The logo for "Hombale Music" is visible in the upper left corner of the video frame.

The media player's controls are visible at the bottom, including the play/pause button, rewind and fast forward options, and a volume control. The Windows taskbar is also visible, showing icons for various applications and the system tray. The weather icon indicates a temperature of 29°C with a description "Cerah," indicating clear weather. The system clock shows the time as 10:58 on March 25, 2025.","2025-03-29 16:19:39"
5,"C:/Users/Dell/Pictures/Screenshots/Screenshot 2025-03-14 125728.png","What is in this image? Provide a detailed description.","The image shows the word "ĀURA" in white, thin font on a deep blue background. There is a macron (a straight line) above the letter 'A'.","2025-03-29 16:24:05"
6,"C:/Users/Dell/Pictures/Screenshots/Screenshot (1).png","What is in this image? Provide a detailed description.","Error: HTTPSConnectionPool(host='generativelanguage.googleapis.com', port=443): Max retries exceeded with url: /v1beta/models/gemini-2.0-flash:generateContent (Caused by NameResolutionError("<urllib3.connection.HTTPSConnection object at 0x0000025A36CEED80>: Failed to resolve 'generativelanguage.googleapis.com' ([Errno 11001] getaddrinfo failed)"))","2025-03-29 16:30:28"
7,"C:/Users/Dell/Pictures/Screenshots/Screenshot 2025-03-11 195832.png","What is in this image? Provide a detailed description.","Here is a detailed description of the image:

The image displays a login interface for "AURA.AI." The background is black with radial orange lines emanating from the center. At the top left corner, the "AURA.AI" logo is prominently displayed in bright orange.

In the center of the screen, a rectangular login box with rounded corners is present. The box is outlined in a subtle, warm-toned orange. Inside the box, at the top, is the word "ACCESS" in a large, sans-serif font, also in orange. Below "ACCESS," there's a line of text that reads "SECURE AUTHENTICATION REQUIRED" in a smaller, white font.

Below the text, there are two input fields labeled "EMAIL" and "PASSWORD" with black backgrounds, suggesting text input areas. 

Below these fields, there's a "Forgot password?" link in white. 

Further down, there is a large orange "AUTHENTICATE" button for submitting the login details. 

Below the button, there's a line of text in white: "Don't have access? REQUEST ACCESS," with "REQUEST ACCESS" likely being a clickable link.

At the bottom of the image, in a small, white font, it states: "ALL ACCESS ATTEMPTS ARE MONITORED AND LOGGED."
","2025-03-29 16:57:03"
8,C:/Users/Dell/Pictures/Screenshots/bugatti-w16-mistral-3840x2160-20041.jpg,"What is in this image? Provide a detailed description.","The image features a dark, possibly black, Bugatti roadster speeding down a gray asphalt track. The car is notable for its sleek, aerodynamic design and vibrant orange accents on the lower body panels, wheels, and parts of the rear wing. The name "SINGH" is visible in orange on the side of the car. Inside the car, the driver is wearing a helmet, suggesting a high-speed or racing environment. The backdrop consists of a gray sky and a series of layered safety barriers running along the side of the track. The blur effect on the road surface further accentuates the car's speed, suggesting motion and dynamic performance.","2025-04-02 09:51:39"
9,C:/Users/Dell/Pictures/Screenshots/bugatti-w16-mistral-3840x2160-20041.jpg,fytugugy,"I'm sorry, the request is not valid. The prompt contains invalid characters.","2025-04-02 09:55:43"
